<modification>
	<id>Yandex Metrika for OpenCart 1.5.x</id>
	<version>1.0.0</version>
	<vqmver>1.2.3</vqmver>
	<author>Vata</author>
	<file name="catalog/controller/common/footer.php">
		<operation>
			<search position="after" index="1"><![CDATA[
			$data['newsletter'] = $this->url->link('account/newsletter', '', 'SSL');
			]]></search>
			<add trim="true"><![CDATA[
			$data['yandex_metrika'] = $this->config->get('ya_metrika_code') ? html_entity_decode($this->config->get('ya_metrika_code'), ENT_QUOTES, 'UTF-8') : '';
			$data['ya_metrika_active'] = $this->config->get('ya_metrika_active') ? true : false;
			]]></add>
		</operation>
	</file>
	<file name="catalog/controller/checkout/success.php">
		<operation>
			<search position="after" index="1"><![CDATA[
			if (isset($this->session->data['order_id'])) {
			]]></search>
			<add trim="true"><![CDATA[
			$this->load->model('yamodel/pokupki');
			$data['script_order'] = $this->model_yamodel_pokupki->getscript($this->session->data['order_id']);
			]]></add>
		</operation>
	</file>
	<file name="catalog/view/theme/default/template/common/success.tpl">
		<operation>
			<search position="before" index="1"><![CDATA[
			<?php echo $footer; ?>
			]]></search>
			<add trim="true"><![CDATA[
			<?php if (isset($script_order)) { echo $script_order; } ?>
			]]></add>
		</operation>
	</file>
	<file name="catalog/view/theme/default/template/common/footer.tpl">
		<operation>
			<search position="before" index="1"><![CDATA[
			</body>
			]]></search>
			<add trim="true"><![CDATA[
			<?php if ($ya_metrika_active){ ?>
				<?php echo $yandex_metrika; ?>
				<script type="text/javascript">
					var old_addCart = cart.add;
					cart.add = function (product_id, quantity)
					{
						var params_cart = new Array();
						params_cart['name'] = 'product id = '+product_id;
						params_cart['quantity'] = quantity;
						params_cart['price'] = 0;
						old_addCart(product_id, quantity);
						metrikaReach('metrikaCart', params_cart);
					}

					$('#button-cart').on('click', function() {
						var params_cart = new Array();
						params_cart['name'] = 'product id = '+ $('#product input[name="product_id"]').val();
						params_cart['quantity'] = $('#product input[name="quantity"]').val();
						params_cart['price'] = 0;
						metrikaReach('metrikaCart', params_cart);
					});

					function metrikaReach(goal_name, params) {
					for (var i in window) {
						if (/^yaCounter\d+/.test(i)) {
							window[i].reachGoal(goal_name, params);
						}
					}
				}
				</script>
			<?php } ?>
			]]></add>
		</operation>
	</file>
</modification>
